{
  "link": "https://arxiv.org/abs/1811.12231",
  "name": "ImageNet-trained CNNs are biased towards texture; increasing shape bias improves accuracy and robustness",
  "authors": "Robert Geirhos, Patricia Rubisch, Claudio Michaelis, Matthias Bethge, Felix A. Wichmann, Wieland Brendel",
  "additional_data": false,
  "number_forward_passes": 1,
  "dataset": "imagenet",
  "venue": "ICLR 2019",
  "architecture": "ResNet-50",
  "eps": null,
  "clean_acc": "60.24",
  "reported": "",
  "corruptions_acc_2d": "39.53",
  "corruptions_acc_3d": "37.80",
  "corruptions_mce_2d": "77.14",
  "corruptions_mce_3d": "83.33",
  "footnote": "Model A: trained on Stylized ImageNet."
}
