{
  "link": "https://arxiv.org/abs/2103.01946",
  "name": "Fixing Data Augmentation to Improve Adversarial Robustness",
  "authors": "Sylvestre-Alvise Rebuffi, Sven Gowal, Dan A. Calian, Florian Stimberg, Olivia Wiles, Timothy Mann",
  "additional_data": true,
  "number_forward_passes": 1,
  "dataset": "cifar10",
  "venue": "arXiv, Mar 2021",
  "architecture": "WideResNet-70-16",
  "eps": "0.5",
  "clean_acc": "95.74",
  "reported": "82.32",
  "footnote": "",
  "autoattack_acc": "82.32",
  "unreliable": false
}
