{
  "link": "https://arxiv.org/abs/2110.09468",
  "name": "Improving Robustness using Generated Data",
  "authors": "Sven Gowal, Sylvestre-Alvise Rebuffi, Olivia Wiles, Florian Stimberg, Dan Andrei Calian, Timothy Mann",
  "additional_data": false,
  "number_forward_passes": 1,
  "dataset": "cifar10",
  "venue": "NeurIPS 2021",
  "architecture": "WideResNet-70-16",
  "eps": "8/255",
  "clean_acc": "88.74",
  "reported": "66.10",
  "autoattack_acc": "66.11",
  "external": "66.10",
  "footnote": "It uses additional 100M synthetic images in training. 66.10% robust accuracy is due to the original evaluation (AutoAttack + MultiTargeted)",
  "unreliable": false
}
