{
  "link": "https://arxiv.org/abs/2002.10319",
  "name": "Self-Adaptive Training: beyond Empirical Risk Minimization",
  "authors": "Lang Huang, Chao Zhang, Hongyang Zhang",
  "additional_data": false,
  "number_forward_passes": 1,
  "dataset": "cifar10",
  "venue": "NeurIPS 2020",
  "architecture": "WideResNet-34-10",
  "eps": "0.031",
  "clean_acc": "83.48",
  "reported": "58.03",
  "footnote": "Uses \\(\\ell_{\\infty} \\) = 0.031 \u2248 7.9/255 instead of 8/255.",
  "autoattack_acc": "53.34"
}
