{
  "link": "https://arxiv.org/pdf/2202.10103.pdf",
  "name": " Robustness and Accuracy Could Be Reconcilable by (Proper) Definition",
  "authors": "Tianyu Pang, Min Lin, Xiao Yang, Jun Zhu, Shuicheng Yan",
  "additional_data": false,
  "number_forward_passes": 1,
  "dataset": "cifar10",
  "venue": "ICML 2022",
  "architecture": "WideResNet-70-16",
  "eps": "8/255",
  "clean_acc": "89.01",
  "reported": "63.35",
  "autoattack_acc": "63.35",
  "footnote": "It uses additional 1M synthetic images in training.",
  "unreliable": false
}
