{
  "link": "https://arxiv.org/abs/2010.01736",
  "name": "Geometry-aware Instance-reweighted Adversarial Training",
  "authors": "Jingfeng Zhang, Jianing Zhu, Gang Niu, Bo Han, Masashi Sugiyama, Mohan Kankanhalli",
  "additional_data": true,
  "number_forward_passes": 1,
  "dataset": "cifar10",
  "venue": "ICLR 2021",
  "architecture": "WideResNet-28-10",
  "eps": "8/255",
  "clean_acc": "89.36",
  "reported": "59.64",
  "footnote": "Uses \\(\\ell_{\\infty} \\) = 0.031 \u2248 7.9/255 instead of 8/255.",
  "autoattack_acc": "59.64",
  "unreliable": false
}
