{
  "link": "https://openreview.net/forum?id=SHB_znlW5G7",
  "name": "Towards Achieving Adversarial Robustness Beyond Perceptual Limits",
  "authors": "Sravanti Addepalli, Samyak Jain, Gaurang Sriramanan, Shivangi Khare, Venkatesh Babu Radhakrishnan",
  "additional_data": false,
  "number_forward_passes": 1,
  "dataset": "cifar100",
  "venue": "OpenReview, Jun 2021",
  "architecture": "PreActResNet-18",
  "eps": "8/255",
  "clean_acc": "62.02",
  "reported": "27.14",
  "autoattack_acc": "27.14",
  "unreliable": false
}