{
  "link": "https://openreview.net/forum?id=SHB_znlW5G7",
  "name": "Towards Achieving Adversarial Robustness Beyond Perceptual Limits",
  "authors": "Sravanti Addepalli, Samyak Jain, Gaurang Sriramanan, Shivangi Khare, Venkatesh Babu Radhakrishnan",
  "additional_data": false,
  "number_forward_passes": 1,
  "dataset": "cifar100",
  "venue": "OpenReview, Jun 2021",
  "architecture": "WideResNet-34-10",
  "eps": "8/255",
  "clean_acc": "65.73",
  "reported": "30.35",
  "autoattack_acc": "30.35",
  "unreliable": false
}