{
  "link": "https://arxiv.org/abs/2010.03593",
  "name": "Uncovering the Limits of Adversarial Training against Norm-Bounded Adversarial Examples",
  "authors": "Sven Gowal, Chongli Qin, Jonathan Uesato, Timothy Mann, Pushmeet Kohli",
  "additional_data": true,
  "number_forward_passes": 1,
  "dataset": "cifar100",
  "venue": "arXiv, Oct 2020",
  "architecture": "WideResNet-70-16",
  "eps": "8/255",
  "clean_acc": "69.15",
  "reported": "37.70",
  "autoattack_acc": "36.88",
  "footnote": null,
  "unreliable": false
}
